name,phone,status,tags
Havelock - Cafe 413,0770 179179,Open 09:30AM till 10:30PM,Cafe
Rathnapura - RTS Filling Station,0770 179 179,Open 00:00AM till 24:00PM,Fuel Station
Raththanapitiya - NMI Head Office,077 017 9179,Open 00:00AM till 24:00PM,Office
Rajagiriya - Cofee Bean Cafe,0770 179 179,Open 00:00AM till 24:00PM,Restaurant
Dambulla - Gimanhala Hotel,0770 179 179,Open 00:00AM till 24:00PM,Hotel
Jaffna - Tilco Hotel & Resort,0770 179 179,Open 00:00AM till 24:00PM,Hotel
Jaffna - Valampuri Hotel,0770 179 179,Open 00:00AM till 24:00PM,Hotel
Anuradhapura - Salubrious Resort,0770 179 179,Open 00:00AM till 24:00PM,Resort
Sigiriya - Eaden Garden,0770 179 179,Open 00:00AM till 24:00PM,Hotel
Matale - Hotel Swiss Dale,0770 179 179,Open 00:00AM till 24:00PM,Hotel
Wilpattu - Eagle Wilpattu Resort,0770 179 179,Open 00:00AM till 24:00PM,Resort
Polonnaruwa - Elephant Entrance,0770 179 179,Open 00:00AM till 24:00PM,Hotel
Anuradhapura - Niwahana Hoiday Residence,0770 179 179,Open 00:00AM till 24:00PM,Residence
Polonnaruwa - Rivonway Hotel,0770 179 179,Open 00:00AM till 24:00PM,Hotel
Anuradhapura - Sadula Holiday Resort,0770 179 179,Open 00:00AM till 24:00PM,Resort
Pussellawa - Dilru Hotel,0770 179 179,Open 00:00AM till 24:00PM,Hotel
Hatton - The Argyle Hotel,0770 179 179,Open 00:00AM till 24:00PM,Hotel
Arugambay - The BayBerry Hotel,0770 179 179,Open 00:00AM till 24:00PM,Hotel
NuwaraEliya - Golf Club Resort,0770 179 179,Open 08:00AM till 07:00PM,Hotel
Lunugamvehara - SNJ Ready Mix - A,0770 179 179,Open 00:00AM till 24:00PM,Public
Lunugamvehara - SNJ Ready Mix - B,0770 179 179,Open 00:00AM till 24:00PM,Public
Kuruvita - French Way,0770 179 179,Open 06:00AM till 10:00PM,Restaurant
Trincomalee - Lanka Filling Station Nilaveli,0770 179 179,Open 00:00AM till 24:00PM,Filling Station
Anuradhapura - Sooriya Wessagiri Resort,0770 179 179,Open 00:00AM till 24:00PM,Restaurant
Ella - Oak Ray Ella Gap Hotel,0770 179 179,Open 00:00AM till 24:00PM,Hotel
Udawalawa - vibeX Restaurant,0770 179 179,Open 00:00AM till 24:00PM,Restaurant
Dambulla Saludiya Retreat Resort and SPA,0770 179 179,Open 00:00AM till 24:00PM,Resort
Pasikuda Maalu Maalu Resort & Spa,0770 179 179,Open 00:00AM till 24:00PM,Resort
Pasikuda Maalu Maalu Resort & Spa,0770 179 179,Open 00:00AM till 24:00PM,Restaurant
Dambulla Isuru City Hotel,0770 179 179,Open 00:00AM till 24:00PM,Hotel
Lunugamvehara - SNJ Ready Mix - B,0770 179 179,Open 00:00AM till 24:00PM,Public
Puttalam Ice Talk Restaurant,0770 179 179,Open 00:00AM till 24:00PM,Public
Horana MDK Hospital,0770 179 179,Open 00:00AM till 24:00PM,Hospital
Sigiriya Aliya Resort & Spa,0770 179 179,Open 00:00AM till 24:00PM,Resort
Sigiriya Aliya Resort & Spa,0770 179 179,Open 00:00AM till 24:00PM,Resort
Anuradhapura Muragala Holiday Resort,0770 179 179,Open 00:00AM till 24:00PM,Resort
Piliyandala Super K,0770 179 179,Open 00:00AM till 24:00PM,Shop
Agunukolapalassa Vehicle Charging Stations,0770 179 179,Open 00:00AM till 24:00PM,Charging Station
Tissamaharamaya - Iresha FoodCity,0770 179 179,Open 07:00AM till 09:00PM,Supermarket
Kandy - Royal Kandyan,0770 179 179,Open 07:00AM till 09:00PM,Hotel
Pelmadulla - Silver Ray Grand (PVT),0770179179,Open 00:00AM till 24:00PM,Hotel
Wilpattu - Thimbiri Wewa Resort,0770179179,Open 00:00AM till 24:00PM,Resort
Matara - Bennet motors,0770179179,Open undefined,Garage
Nuwaraeliya - Barista,0770179179,Open 00:00AM till 24:00PM,Public
Pannipitiya Green Warehouse,0770179179,Open 00:00AM till 24:00PM,Public
Kurunegala - Kandyan Reach Hotel,0770179179,Open 00:00AM till 24:00PM,Hotel
Anuradhapura - Tantrayana Resorts,0770 179 179,Open 00:00AM till 24:00PM,Resort
Udawalawa - Doola River Edge,0770 179 179,Open 00:00AM till 24:00PM,Hotel
Girithale - Agbo Hotel,0770 179 179,Open 00:00AM till 24:00PM,Hotel
Kandy - Mount Blue Hotel,0770 179 179,Open 00:00AM till 24:00PM,Hotel
Kandy - Lake Reach Hotel,0770 179 179,Open 00:00AM till 24:00PM,Hotel
Mahiyanganaya - Kevans Casa,0770 179 179,Open 00:00AM till 24:00PM,Hotel
Awissawella - Trimanna Furniture House,0770 179 179,Open 00:00AM till 24:00PM,Furniture
Wellawaya - Boat Kitchen,0770 179 179,Open 00:00AM till 24:00PM,Restaurant
Haputhale - Kelliebedde Tea Factory,0770 179 179,Open 00:00AM till 24:00PM,Factory
Rathnapura - Kalawathi Retreat,0770 179 179,Open 00:00AM till 24:00PM,Hotel
Embilipitiya - Centauria Lake Resort,0770 179 179,Open 00:00AM till 24:00PM,Hotel
Kandy - Earl's Regent HoteL,0770 179 179,Open 00:00AM till 24:00PM,Hotel
Balangoda - B K J Petroleum,0770 179 179,Open 00:00AM till 24:00PM,Petroleum
Polonnaruwa - Crown Mall,0770 179 179,Open 00:00AM till 24:00PM,Restaurant
Akkaraipattu - GN AUTO ZONE,0770 179 179,Open 00:00AM till 24:00PM,Garadge
Mathara - Sujith Auto Electricals,0770 179 179,Open 00:00AM till 24:00PM,Shop
Habarana - Wisdom Villa,0770 179 179,Open 00:00AM till 24:00PM,Hotel
Kataragama - Barista,0770 179 179,Open 00:00AM till 24:00PM,Restaurant
Kataragama - Barista,0770 179 179,Open 00:00AM till 24:00PM,Restaurant
Weerawila - Double Tree By Hilton,0770 179 179,Open 00:00AM till 24:00PM,Hotel
Nuwara Eliya - London Eye Hotel,0770 179 179,Open 00:00AM till 24:00PM,Hotel
Nuwara Eliya - Midky Hotel,0770 179 179,Open 00:00AM till 24:00PM,Hotel
Akkaraipattu - Relax Holidays Pvt.Ltd,0770 179 179,Open 00:00AM till 24:00PM,Office
Ampara - Saliya Inn,0770 179 179,Open 00:00AM till 24:00PM,Hotel
Maruthamunai - Modern Car Sale,0770 179 179,Open 00:00AM till 24:00PM,Car Sale
Mahiyangana - Raja Maha Viharaya,0770 179 179,Open 00:00AM till 24:00PM,Temple
Gampola - Dasuni C Complex,0770 179 179,Open 00:00AM till 24:00PM,Hospital
Tissamaharama - Kithala Resort,0770 179 179,Open 00:00AM till 24:00PM,Hotel
Galle - RTS Hypermarket,0770 179 179,Open 00:00AM till 24:00PM,Supermarket
Paragahadeniya - Gami Sisila,0770 179 179,Open 00:00AM till 24:00PM,Restaurant
Anuradhapura - Rukmal Motor Vehicle Garage,0770 179 179,Open undefined,Garage
Ambalanthota - Sewa Lanka,0770 179 179,Open 00:00AM till 24:00PM,Office
Udawalawa - Centauria Wild,0770 179 179,Open 00:00AM till 24:00PM,Hotel
Kosgoda - Darshana Beach Hotel & Restaurant,0770 179 179,Open 00:00AM till 24:00PM,Hotel
Nuwara Eliya - The Ingle Wood,0770 179 179,Open 00:00AM till 24:00PM,Hotel
Nuwara Eliya - Rose Magnoliya Gest,0770 179 179,Open 00:00AM till 24:00PM,Hotel
Tissamaharama - Kithala Resort,0770 179 179,Open 00:00AM till 24:00PM,Hotel
Kandy Royal - Kandyan,0770 179 179,Open 00:00AM till 24:00PM,Hotel
Gampola - Dasuni C Complex,0770 179 179,Open 00:00AM till 24:00PM,Hospital
Haputale - Blackwood Forest,0770 179 179,Open 00:00AM till 24:00PM,Hotel
Mathugama Pelawatta - Western Solar,0770 179 179,Open 00:00AM till 24:00PM,Shop
Minneriya - Lath Sahal Warehouse,0770 179 179,Open 00:00AM till 24:00PM,Warehouse
Minneriya - Lath Sahal Warehouse,0770 179 179,Open 00:00AM till 24:00PM,Warehouse
Matale - Nilani Restaurant,0770 179 179,Open 00:00AM till 24:00PM,Restaurant
Matale - Nilani Restaurant,0770 179 179,Open 00:00AM till 24:00PM,Restaurant
Hambanthota - Bird Park,0770 179 179,Open 00:00AM till 24:00PM,Park
Hambanthota - Bird Resort,0770 179 179,Open 00:00AM till 24:00PM,Resort
Beliatta - Sihina Cafe & Restaurant,0770 179 179,Open 00:00AM till 24:00PM,Restaurant
Kaluthara - Tyre World,0770 179 179,Open 00:00AM till 24:00PM,Shop
Ulankulama - Dairy Farm,0770 179 179,Open 00:00AM till 24:00PM,Farm
Ulankulama - Dairy Farm,0770 179 179,Open 00:00AM till 24:00PM,Farm
Ambalanthota - Ruhunu Pub & Resort,0770 179 179,Open 00:00AM till 24:00PM,Pub & Resort
Induruwa - Pandanus Beach Resort & Spa,0770 179 179,Open 00:00AM till 24:00PM,Resort
Ambalanthota - Ruhunu Lanka IOC Filling Station,0770 179 179,Open 00:00AM till 24:00PM,Filling Station
Kalpitiya - Dinuda Lagoon Hotel,0770 179 179,Open 00:00AM till 24:00PM,Hotel
Unawatuna - Araliya Beach Resort & Spa,0770 179 179,Open 00:00AM till 24:00PM,Hotel
Unawatuna - Araliya Beach Resort & Spa,0770 179 179,Open 00:00AM till 24:00PM,Hotel
Kirulapone - Imedra Healthcare 1,0770 179 179,Open 00:00AM till 24:00PM,Pharmacy
Kirulapone - Imedra Healthcare 2,0770 179 179,Open 00:00AM till 24:00PM,Pharmacy
Kandy - Mountbatten Bungalow,0770 179 179,Open 00:00AM till 24:00PM,Hotel
Nuwaraeliya - Araliya Green City,0770 179 179,Open 00:00AM till 24:00PM,Hotel
Nuwaraeliya - Araliya Green City,0770 179 179,Open 00:00AM till 24:00PM,Hotel
Nuwaraeliya - Blackpool Resort & Spa,0770 179 179,Open 00:00AM till 24:00PM,Hotel
Nuwaraeliya - Blackpool Resort & Spa,0770 179 179,Open 00:00AM till 24:00PM,Hotel
Anuradhapura Heritage Hotel,0770 179 179,Open 00:00AM till 24:00PM,Hotel
Kiriella - Aroma Restaurant,0770 179 179,Open 00:00AM till 24:00PM,Restaurant
Nuwaraeliya - Araliya Red Hotel,0770 179 179,Open 00:00AM till 24:00PM,Hotel
Nuwaraeliya - Araliya Red Hotel,0770 179 179,Open 00:00AM till 24:00PM,Hotel
Nuwaraeliya - Araliya Green Hills Hotel,0770 179 179,Open 00:00AM till 24:00PM,Hotel
Padeniya - Cafe Agra,0770 179 179,Open 00:00AM till 24:00PM,Restaurant
Padeniya - Cafe Agra,0770 179 179,Open 00:00AM till 24:00PM,Restaurant
Kalawana - Rainforest Kitchen,0770 179 179,Open 00:00AM till 24:00PM,Restaurant
Maggona - New Monis Bakery,0770 179 179,Open 00:00AM till 24:00PM,Restaurant
Matara - Polhena Grand Resort,0770 179 179,Open 00:00AM till 24:00PM,Restaurant
Matara - Samagi Textiles,0770 179 179,Open 00:00AM till 24:00PM,Textile
Aluthgama - Pier88 Restaurant,0770 179 179,Open 00:00AM till 24:00PM,Restaurant
Pasyala - Nihal Family Restaurant,0770 179 179,Open 00:00AM till 24:00PM,Restaurant
Hikkaduwa - Co operative Beer Garden,0770 179 179,Open 00:00AM till 24:00PM,Restaurant
Seeduwa - Calton,0770 179 179,Open 00:00AM till 24:00PM,Restaurant
Mattala - Namal Kalu Dodol (20kW),0770 179 179,Open 00:00AM till 24:00PM,Restaurant
Mattala - Namal Kalu Dodol,0770 179 179,Open 00:00AM till 24:00PM,Restaurant
Palapathwela Sri Krishna Restaurant,0770 179 179,Open 00:00AM till 24:00PM,Restaurant
Palapathwela Sri Krishna Restaurant,0770 179 179,Open 00:00AM till 24:00PM,Restaurant
Buththala - Eranga Restaurant,0770 179 179,Open 00:00AM till 24:00PM,Restaurant
Kandy - Myst by Cinnamon,0770 179 179,Open 00:00AM till 24:00PM,Hotel
Ambalangoda - Edwins Studio & Laboratories,0770 179 179,Open 00:00AM till 24:00PM,Studio
Rozella - The Tea Cup,0770 179 179,Open 00:00AM till 24:00PM,Restaurant
Mihinthale - Saanchi Temple,0770 179 179,Open 00:00AM till 24:00PM,Temple
Nawinna - Arpico Super Centre,0770 179 179,Open 00:00AM till 24:00PM,Super Market
Ratnapura - BYD Showroom,0770 179 179,Open 00:00AM till 24:00PM,Showroom
Anuradhapura - Adhitya Ayurveda Hospital,0770 179 179,Open 00:00AM till 24:00PM,Hospital
Seeduwa - Barista,0770 179 179,Open undefined,Cafe
Siyabalanduwa - Amarasiri Motors & Chemical,0770 179 179,Open undefined,Motor Service
Bibila - Stylo Holdings,0770 179 179,Open undefined,Business
Kollupitiya - Liberty By Scope Cinemas,0770 179 179,Open 00:00AM till 24:00PM,Movie theater
Rajagiriya - Big Plate,0770 179 179,Open 12:00PM till 00:00AM,Restaurant
Dambulla - Araliya Bistro Cafe & Restaurant,0770 179 179,Open 06:00AM till 11:00PM,Hotel
Dambulla - Machang,0770 179 179,Open 06:00AM till 10:00PM,Hotel
Monaragala - Hotel Divine Light,0770 179 179,Open 06:00AM till 10:00PM,Hotel
Mawanella - Eppco Filling Station,0770 179 179,Open 00:00AM till 12:00PM,Filling Station
Mawanella - Eppco Lanka Fuel Station,0770 179 179,Open 00:00AM till 24:00PM,Fuel Station
Aluthgama - Dutch Gate,0770 179 179,Open 00:00AM till 12:00PM,Hotel
Kurunegala - Cafe Amakie,0770 179 179,Open 06:00AM till 10:00PM,Coffee shop
Aluthgama - Dutch Gate,0770 179 179,Open 00:00AM till 12:00PM,Hotel
Gokarella - Cafe Amakie,0770 179 179,Open 06:00AM till 10:00PM,Coffee shop
Talawakelle - Rosita Tea House,0770 179 179,Open 06:00AM till 10:00PM,Coffee shop
Monaragala - Manjari Baker & Restaurant,0770 179 179,Open 06:00AM till 9:00PM,Restaurant
Unawatuna - Nature Trails Boutique Hotel,0770 179 179,Open 00:00AM till 12:00PM,Hotel
Unawatuna - Nature Trails Boutique Hotel,0770 179 179,Open 00:00AM till 12:00PM,Hotel
Moratuwa - Dinapala,0770 179 179,Open 00:00AM till 24:00PM,Store
Negombo - Sasha Food Court,0770 179 179,Open 00:00AM till 24:00PM,Restaurant
Seeduwa - Sasha Food Court,0770 179 179,Open 00:00AM till 24:00PM,Restaurant
Barawakubuka - Perera'S Kitchen,0770 179 179,Open 00:00AM till 24:00PM,Restaurant
Horana - Canterbury Golf Resort,0770 179 179,Open 00:00AM till 24:00PM,Restaurant
Wattala - Arpico Super Center,0770 179 179,Open 00:00AM till 24:00PM,Supermarket
Digana - Amila Service Center,0770 179 179,Open 00:00AM till 24:00PM,Service
Nuwara Eliya - The Hill Club,0770 179 179,Open 00:00AM till 12:00PM,Hotel
Manikhinna - Mudunkoth Filling Station,0770 179 179,Open 00:00AM till 12:00PM,Petrolium
Haldumulla - Ceypetco Filling Station,0770 179 179,Open 00:00AM till 12:00PM,Petrolium
